id,name,category,tags,summary,objective,groupSizeMin,groupSizeMax,durationMinutes,energyLevel,prepEffort,materials,howToPlay,rules,variation,debriefQuestions
"balloon-tower","Balloon Tower Blitz","Minute to Win It","no-equipment-swap | individual | indoor","Stack as many balloons as possible into a freestanding tower in 60 seconds.","Fine motor control under time pressure, quick decision-making.","1","20","5","Medium","Low Prep","10+ balloons per player | Table or floor space | Stopwatch","Give each player (or team) a pile of inflated balloons. | On 'go', players stack balloons on top of each other without any tape or support. | Freeze all hands the instant 60 seconds is up. | Count the tallest stack that is still standing unsupported.","Balloons may only be stacked, not taped or tied together. | If the tower falls before time is called, players may rebuild. | The stack must be self-supporting when time runs out to count.","Run it as a relay where teammates take turns adding one balloon each.","What did you change after your first tower fell? | How did pressure affect your steady-hand technique?"
"cookie-face","Cookie Face Challenge","Minute to Win It","messy | individual | indoor","Move a cookie from forehead to mouth using only facial muscles.","Playful laughter and lighthearted competition.","2","30","5","Medium","Low Prep","1 flat round cookie per player | Napkins","Players place a cookie flat on their forehead. | Using only facial muscles (no hands), they scrunch the cookie down to their mouth. | First player to eat the cookie without using their hands wins.","Hands must stay behind the back or in pockets at all times. | If the cookie is dropped, the player restarts with a new cookie.","",""
"junk-in-the-trunk","Junk in the Trunk","Minute to Win It","active | individual | indoor | outdoor","Shake ping-pong balls out of a tissue box strapped to your lower back.","Silly full-body movement that breaks down formality fast.","2","20","5","High","Some Prep","Empty tissue box per player | 6 ping-pong balls per box | Elastic waist strap or belt","Strap an empty tissue box to each player's lower back, loaded with 6 ping-pong balls. | On 'go', players shake and wiggle to bounce all the balls out of the box. | First player to empty their box wins.","Hands cannot touch the box or the balls at any point. | Players must stay within a marked area while shaking.","",""
"suck-it-up","Suck It Up","Minute to Win It","relay | individual | indoor","Use a straw and suction to relocate small objects between plates.","Precision and breath control under a ticking clock.","1","20","5","Low","Low Prep","1 straw per player | Small candies or pom-poms | 2 plates per player","Place 5 small objects on one plate and an empty plate beside it. | Players use suction through a straw to lift and carry each object to the empty plate. | First to move all 5 objects across wins.","Objects may only be touched with the straw, never with fingers. | If an object is dropped mid-transfer, it must be picked up with the straw again.","",""
"mm-straw-relay","M&M Straw Relay","Minute to Win It","relay | team | indoor","Team relay passing candy from cup to cup using only straws.","Coordination and shared focus toward a common target.","4","24","8","Medium","Low Prep","1 straw per player | Small candies (M&Ms or similar) | Cups","Line teams up single file, each with a straw and a starting cup of candies. | Each player sucks up one candy with their straw and passes it to the next player's straw. | The last player drops candies into a finishing cup; count total transferred in 60 seconds.","Candy may never touch hands once the relay begins. | Dropped candy is out of play and cannot be retried.","",""
"cup-stack-tower","Cup Stack Pyramid","Minute to Win It","individual | indoor","Build and collapse a pyramid of plastic cups against the clock.","Speed, sequencing, and hand-eye coordination.","1","20","5","Medium","Low Prep","6-10 plastic cups per player","Players build a pyramid from a set number of stacked cups, then flatten it back into a single stack. | Fastest completed cycle wins, or most cycles completed in 60 seconds.","Only one hand may touch the cups at a time for an added-difficulty variant. | The pyramid must fully form before collapsing back down to count as one cycle.","",""
"egg-roulette","Egg Roulette","Minute to Win It","messy | outdoor | individual","Take turns cracking eggs on your own head — most are hard-boiled, one isn't.","Shared suspense and good-natured risk-taking.","2","8","10","Low","Some Prep","A dozen eggs (mostly hard-boiled, 1-2 raw) | Towels","Mix hard-boiled and raw eggs in a carton so no one knows which is which. | Players take turns picking an egg and cracking it on their own forehead. | Continue until someone gets a raw egg — they're out (or crowned the good-humoured 'loser').","Only crack the egg on your own head, never someone else's. | Run outdoors or over an easy-to-clean surface.","",""
"paper-plane-precision","Paper Plane Precision","Minute to Win It","indoor | outdoor | individual","Fold and fly a paper plane through a target in the fewest attempts.","Design thinking and iteration under constraints.","1","30","10","Low","Low Prep","A4 paper | A hoop or box target | Masking tape for a throw line","Each player folds their own paper plane. | Standing behind the line, they throw to land the plane inside the target. | Score points for each successful landing within a set number of throws.","Planes may be refolded between attempts. | Stepping over the throw line voids that attempt.","",""
"spoon-egg-relay","Spoon & Egg Relay","Minute to Win It","relay | outdoor | team","Classic balance-and-run relay carrying an egg on a spoon.","Balance, focus, and team pacing.","4","30","10","High","Low Prep","1 spoon per team | 1 egg (or ball) per team | Course markers","Teams line up in relay order behind a start line. | Each runner carries the egg on a spoon around a marker and back, then hands off. | First team to complete the full relay without dropping wins.","If the egg drops, the runner must stop and reset it before continuing. | No hand may touch the egg while the spoon is in play.","",""
"ping-pong-blow-race","Ping-Pong Blow Race","Minute to Win It","relay | indoor | team","Blow a ping-pong ball across a table maze using only breath.","Breath control and light-hearted competitiveness.","2","20","5","Low","Low Prep","Ping-pong balls | Straws (optional) | Table with marked lane","Mark a start and finish line on a table. | Players blow the ball (directly or through a straw) from start to finish. | Fastest across without the ball leaving the table wins.","Hands may not touch the ball once it starts moving. | A ball that falls off the table is repositioned at the last legal point.","",""
"two-truths-lie","Two Truths and a Lie","Icebreaker","conversation | no-equipment | virtual-friendly","Share three statements about yourself — the group guesses the false one.","Surface-level personal sharing to build early rapport.","3","30","15","Low","No Prep","None","Each person prepares two true statements and one false one about themselves. | They share all three in any order to the group. | The group votes on which statement they believe is the lie, then the truth is revealed.","Statements should be genuinely hard to distinguish — no obvious tells. | Keep it workplace-appropriate.","",""
"human-bingo","Human Bingo","Icebreaker","mingling | large-group","Mingle to find colleagues matching traits on a bingo card.","Encourages people to talk to those they don't know well.","8","100","15","Medium","Some Prep","Printed bingo cards with traits | Pens","Give each participant a bingo card with squares like 'has travelled to 3+ countries'. | Participants mingle, asking others questions to find a match for each square. | First to fill a row (or the whole card) calls 'Bingo!' and wins.","A person's name can only be used once per card. | Players must actually speak to the person, not guess.","",""
"speed-networking","Speed Networking","Icebreaker","conversation | pairs | virtual-friendly","Rotate through short 1:1 conversations on prompted questions.","Quickly builds a web of new connections across a large group.","8","60","20","Low","Low Prep","Timer | List of conversation prompts","Pair participants up and give them 2-3 minutes with a shared prompt to discuss. | Sound a timer, then rotate everyone to a new partner and a new prompt. | Repeat for 5-8 rounds.","Both people should get roughly equal talking time. | Keep rotations brisk to maintain energy.","",""
"desert-island","Desert Island","Icebreaker","conversation | small-group","Pick three items to bring to a desert island and explain why.","Reveals personality and priorities in a low-stakes way.","3","20","15","Low","No Prep","None","Ask each person to name the three items they'd bring to a desert island. | Each shares their list and the reasoning behind it. | Optionally have the group vote on the most creative or surprising list.","No 'unlimited supply' or joke answers like 'a boat home' — keep it genuine.","",""
"common-ground","Common Ground","Icebreaker","small-group | conversation","Small groups race to find surprising things they all have in common.","Builds connection through discovering shared experiences.","4","40","10","Low","No Prep","Paper and pen per group","Split into groups of 4-5. | Groups have 5 minutes to list as many things as possible that every member shares. | Obvious things (same employer) don't count — the more surprising, the better. | Groups share their best finds with the room.","Every listed item must be true for every single member of the group.","",""
"would-you-rather-corners","Would You Rather Corners","Icebreaker","active | large-group","Physically move to a corner representing your answer to a fun dilemma.","Light movement plus quick, visible self-expression.","6","100","10","Medium","Low Prep","Signs for each corner (optional)","Label two (or four) areas of the room with different answer options. | Read out a 'would you rather' question. | Everyone walks to the corner matching their choice, then a few people share why.","No standing in the middle — everyone commits to a side.","",""
"zip-zap-boing","Zip Zap Boing","Energiser","circle | reaction | no-equipment","A fast-paced circle game passing energy with quick verbal and physical cues.","Sharpens focus and group reaction speed.","6","30","8","High","No Prep","None","Stand in a circle. 'Zip' passes an energy pulse to the left, 'zap' sends it across the circle to anyone. | 'Boing' bounces a zip back to whoever sent it. | Anyone who hesitates or uses the wrong move is gently out, or the group just keeps the rhythm going.","Keep the pace brisk — hesitation is part of the fun, not a big penalty.","",""
"fruit-salad","Fruit Salad","Energiser","chairs | active","Musical-chairs-style game where a called fruit triggers a mad scramble to swap seats.","Fast movement and playful chaos to lift group energy.","8","40","10","High","Low Prep","Chairs in a circle, one fewer than players","Seat everyone in a circle and assign each person one of 3-4 fruit names. | Call out a fruit — everyone with that name must swap seats while the caller tries to grab one. | Call 'fruit salad' to make everyone swap at once. Whoever is left standing calls next.","No swapping with the seat directly beside you.","",""
"the-wave","The Group Wave","Energiser","circle | sound","Pass a sound-and-movement 'wave' around the circle, building speed each round.","Synchronises the group and injects quick fun.","6","50","5","Medium","No Prep","None","Stand in a circle. One person starts a simple gesture and sound (like a stand-and-shout). | Each neighbour repeats it in turn, sending it around the circle like a stadium wave. | Speed it up each lap, or run two waves in opposite directions at once.","Keep the gesture simple enough that it travels fast.","",""
"rps-tournament","Rock Paper Scissors Tournament","Energiser","pairs | elimination | large-group","A cheer-and-elimination bracket of rock-paper-scissors that ends in a crowd finale.","Builds group excitement with a clear, fun competitive arc.","8","200","10","High","No Prep","None","Everyone finds a partner and plays best-of-one rock-paper-scissors. | Losers become the winner's cheerleader, following them to their next match. | Repeat until two finalists face off with the whole room cheering behind them.","Once eliminated, always cheer loudly for whoever you follow.","",""
"freeze-dance","Freeze Dance","Energiser","music | active","Dance while the music plays, freeze the instant it stops.","Playful movement break that resets focus.","4","100","5","High","Low Prep","Music player or speaker","Play upbeat music and encourage everyone to dance freely. | Stop the music at random — everyone must freeze mid-move. | Anyone caught still moving after the freeze sits out that round (or just laughs and rejoins next round).","Freezing includes facial expressions — no cheating with a slow wobble.","",""
"human-knot","Human Knot","Team Skills","problem-solving | physical-contact","Untangle a knot of linked hands without letting go.","Collaborative problem-solving and spatial communication.","8","20","15","Medium","No Prep","None","Stand in a tight circle and reach across to grab two different people's hands. | Without letting go, the group works together to untangle into a single circle or several loops. | Success is a fully untangled group still holding hands.","Never let go of the hands you're holding — only your grip may rotate.","","Who naturally stepped into a leadership role, and how did that happen?"
"marshmallow-challenge","The Marshmallow Challenge","Team Skills","building | design-thinking","Build the tallest freestanding structure topped with a marshmallow in 18 minutes.","Rapid prototyping, iteration, and role negotiation.","3","30","25","Low","Some Prep","20 sticks of spaghetti | 1m tape | 1m string | 1 marshmallow per team","Give each small team the same kit of spaghetti, tape, string, and one marshmallow. | Teams have 18 minutes to build the tallest freestanding structure with the marshmallow on top. | Measure height at time's end; the structure must stand unsupported.","The marshmallow must be uncut and sit on top of the structure. | No holding the structure up when time is called.","","How much time did you spend planning versus building — was that the right balance?"
"trust-cup-tower","Blindfolded Cup Tower","Team Skills","communication | trust","One blindfolded builder stacks cups using only teammates' verbal directions.","Precision verbal communication and active listening.","3","6","15","Low","Low Prep","Plastic cups | Blindfold","One team member is blindfolded; the rest can see but may not touch the cups. | The sighted teammates give verbal-only instructions to build a target cup structure. | Fastest or most accurate team wins.","Sighted teammates may not touch the cups or the builder at any point.","",""
"minefield","Minefield","Team Skills","trust | communication | outdoor | indoor","Guide a blindfolded partner through a field of obstacles using only your voice.","Builds trust and precise verbal navigation.","4","30","20","Medium","Some Prep","Cones or soft obstacles | Blindfolds","Scatter obstacles across an open area to form a 'minefield'. | One partner is blindfolded and must cross without touching any obstacle. | The sighted partner calls directions from the sideline (no touching allowed).","Guides may not physically touch or walk with their blindfolded partner. | Touching an obstacle sends the player back to the start.","",""
"egg-drop","Egg Drop Challenge","Team Skills","building | design-thinking | outdoor","Engineer a contraption that protects a raw egg dropped from height.","Applies design thinking with a satisfying pass/fail test.","3","30","30","Low","Some Prep","Raw eggs | Straws, tape, paper, balloons or similar craft supplies | A drop point (stairwell or balcony)","Give each team an identical kit of building materials and one raw egg. | Teams build a protective contraption within a time limit. | Drop each contraption from an agreed height — surviving eggs win.","The egg must be visible and not wrapped so heavily it can't be inspected before dropping.","",""
"perfect-square","The Perfect Square","Team Skills","trust | communication | outdoor","Blindfolded team forms a perfect square using only a length of rope.","Group communication and consensus-building without sight.","6","20","20","Low","Low Prep","A long loop of rope | Blindfolds","Blindfold the whole team and have them hold a large loop of rope. | Without removing blindfolds, they must arrange themselves and the rope into a perfect square. | Remove blindfolds together to reveal the result.","No peeking until everyone agrees the shape is finished.","",""
"trust-fall","Trust Fall","Trust & Communication","trust | physical-contact","Fall backward, trusting teammates to catch you.","Builds visible, immediate trust between pairs or small groups.","4","20","15","Low","Low Prep","Soft, flat ground","One person stands with arms crossed on a raised, stable platform (or simply stands rigid). | A line of catchers stands close behind, arms out and ready. | On a clear countdown, the person falls straight back and is caught.","Always brief safe hand and body positioning before starting. | Never attempt without confirmed, attentive catchers ready.","",""
"blindfolded-trail","Blindfolded Trail","Trust & Communication","trust | outdoor | pairs","Lead a blindfolded partner along a trail using only touch and spoken cues.","Deepens trust and non-verbal communication between pairs.","4","30","20","Medium","Low Prep","Blindfolds | An outdoor or safe indoor path","Pair up; one partner is blindfolded and the other guides them along a set trail. | Guides may use a light hand on the shoulder plus spoken instructions. | Swap roles halfway through the trail.","Guides are fully responsible for their partner's safety at all times.","",""
"back-to-back-drawing","Back-to-Back Drawing","Trust & Communication","communication | pairs | virtual-friendly","Describe a shape or picture for your partner to draw without seeing it.","Highlights how precise, patient language improves shared understanding.","2","30","15","Low","Low Prep","Paper | Pens | Simple reference images","Pairs sit back-to-back; one holds a reference image, the other holds blank paper. | The describer explains the image using only words (no shape names allowed for extra challenge). | The drawer sketches based purely on the description, then compare results.","No peeking, and the drawer may not ask yes/no questions in the harder variant.","",""
"silent-line-up","Silent Line-Up","Trust & Communication","non-verbal | large-group","Arrange the whole group in order (like birthdays) without speaking.","Forces creative non-verbal communication and patience.","8","100","10","Medium","No Prep","None","Pick an order criterion (birthday month, height, alphabetical first name). | Without speaking or writing, the group arranges itself into that order using gestures only. | Check the result out loud once everyone is satisfied.","No talking, mouthing words, or writing — gestures and expressions only.","",""
"compass-walk","Compass Walk","Trust & Communication","trust | outdoor | pairs","Guide a blindfolded partner using only four directional words.","Practises concise, high-trust instruction-giving.","4","30","15","Low","Low Prep","Blindfolds | Open space with light obstacles","Pair up; one is blindfolded, the other may only say 'forward', 'back', 'left', or 'right'. | The guide directs their partner through a short obstacle course using just those four words. | Swap roles and compare completion times.","No other words or physical contact are allowed during the walk.","",""
"tug-of-war","Tug of War","Active & Physical","outdoor | large-group | team","Classic two-team rope pull to a centre line.","Full-team physical cooperation and shared effort.","6","60","10","High","Low Prep","Thick rope | Centre-line marker","Split into two evenly matched teams on either end of a rope. | On 'go', both teams pull to drag the centre marker past their line. | Best of three rounds wins the match.","No wrapping the rope around hands or body — grip only. | Stop immediately on the referee's whistle.","",""
"amazing-race-scavenger","Amazing Race Scavenger Hunt","Active & Physical","outdoor | teams | problem-solving","Teams race between checkpoints completing challenges and clues.","Combines navigation, problem-solving, and physical activity.","8","100","60","High","High Prep","Printed clue cards | Checkpoint props/challenges | Route map","Set up a series of checkpoints across a venue or neighbourhood, each with a clue and a mini-challenge. | Teams start staggered and race to complete each checkpoint before getting the next clue. | First team to complete all checkpoints and reach the finish wins.","Teams must complete each checkpoint challenge before moving on. | No sharing clues between teams.","",""
"sack-race-relay","Relay Sack Race","Active & Physical","outdoor | relay | team","Hop in sacks along a relay course as a team.","Playful physical challenge with team hand-offs.","4","40","10","High","Low Prep","Sacks or large pillowcases | Course markers","Teams line up in relay order; each runner hops inside a sack to a turn-around point and back. | Hand the sack to the next teammate; first team finished wins.","Both feet must stay inside the sack while hopping. | Falling requires standing back up before continuing.","",""
"balloon-volleyball","Balloon Volleyball","Active & Physical","indoor | team | low-impact","Keep a balloon off the ground volleyball-style over a low net or rope.","Light cardio and team coordination without needing much space.","6","20","10","Medium","Low Prep","Balloons | A rope or string as a net (optional)","Split into two teams facing each other across a rope or line. | Volley the balloon back and forth; a team scores if it touches the ground on the opponent's side. | Play to a set number of points.","No catching or holding the balloon — tap it only. | Each side gets up to 3 touches before sending it over.","",""
"terrarium-building","Mini Terrarium Building","Creative & Craft","hands-on | calm | indoor","Layer soil, stones, and plants into a personal take-home terrarium.","A calm, creative activity that produces a lasting keepsake.","4","60","45","Low","High Prep","Glass jars | Pebbles, charcoal, soil | Small succulents or moss | Decorative figurines","Set up stations with layered materials: drainage stones, charcoal, soil, then plants. | Guide participants to layer their jar step by step and plant their succulent. | Finish with optional decorative touches like figurines or coloured sand.","Handle glass jars carefully; keep soil and water off shared surfaces.","",""
"team-mural","Collaborative Team Mural","Creative & Craft","hands-on | large-group | creative","Each person paints one tile that combines into a single large team artwork.","Symbolises individual contribution forming a shared whole.","6","100","45","Low","High Prep","Canvas or wood panels cut into a grid | Acrylic paints | Brushes | A reference image","Divide a large reference image into one numbered panel per participant. | Each person paints their panel to match their section of the image. | Assemble all panels together to reveal the completed mural.","Stick to the assigned panel's colours and lines so the final image lines up.","",""
"virtual-scavenger-hunt","Virtual Scavenger Hunt","Virtual Friendly","remote | video-call","Race to find household items matching a list, shown live on camera.","Injects movement and fun into a remote call.","4","50","15","Medium","No Prep","Video call platform | A list of items to find","Read out an item (e.g., 'something red', 'a coffee mug') on the call. | Everyone dashes to grab a matching item and holds it up to camera. | Last person back or unable to find an item is out; last one standing wins.","Items must genuinely be found in the current room — no pre-staging.","",""
"online-pictionary","Online Pictionary Battle","Virtual Friendly","remote | drawing | teams","Teams guess a teammate's live digital drawing before time runs out.","Fun creative pressure that works great over video call.","4","40","20","Medium","Low Prep","Shared whiteboard tool (screen share) | A list of prompt words","Split into teams; one drawer per team gets a secret prompt word. | Drawers sketch on a shared digital whiteboard while their team guesses out loud. | First team to guess correctly scores a point; rotate the drawer each round.","No writing letters, numbers, or speaking while drawing.","",""